Species ID	Full Name	Tribe	Origin	Breeding type	Breeding mode	Fishbase Link
Tellon	Telmatochromis sp. Longola	Lamprologini	Lake Tanganyika	Substrate spawning	cave spawning	NA
Cypkib	"Cyprichromis sp. ""Kibishi"""	Cyprichromini	Lake Tanganyika	Mouthbrooding	maternal open water brooding	NA
Bentri	Benthochromis tricoti	Benthochromini	Lake Tanganyika	Mouthbrooding	NA	http://www.fishbase.org/summary/8148
Boumic	Boulengerochromis microlepis	Boulengerochromini	Lake Tanganyika	Substrate spawning	open spawning	http://www.fishbase.org/summary/6008
Neople	Neolamprologus pleuromaculatus	Lamprologini	Lake Tanganyika	Substrate spawning	cave spawning	http://www.fishbase.org/summary/8750
Ortcho	"Orthochromis sp. ""Chomba"""	Haplochromini	Lake Tanganyika affluent	Mouthbrooding	maternal territorial brooding	NA
Pettre	Petrochromis trewavasae	Tropheini	Lake Tanganyika	Mouthbrooding	maternal territorial brooding	http://www.fishbase.org/summary/8807
Phaacu	Pharyngochromis acuticeps	Serranochromini	Zambezi River	Mouthbrooding	maternal territorial brooding	http://www.fishbase.se/summary/6677
Pleela	Plecodus elaviae	Perissodini	Lake Tanganyika	Mouthbrooding	biparental brooding	http://www.fishbase.org/summary/8812
Plemul	Plecodus multidentatus	Perissodini	Lake Tanganyika	Mouthbrooding	biparental brooding	http://www.fishbase.org/summary/8813
Ortred	"Orthochromis sp. ""Red"""	Haplochromini	Lake Tanganyika affluent	Mouthbrooding	maternal territorial brooding	NA
Ophhet	Ophthalmotilapia heterodonta	Ectodini	Lake Tanganyika	Mouthbrooding	maternal bower brooding	http://www.fishbase.se/summary/8775
Ophnas	Ophthalmotilapia nasuta	Ectodini	Lake Tanganyika	Mouthbrooding	maternal bower brooding	http://www.fishbase.org/summary/8776
OphpaK	Ophthalmotilapia paranasuta Kigoma	Ectodini	Lake Tanganyika	Mouthbrooding	maternal bower brooding	NA
Ophpar	Ophthalmotilapia paranasuta	Ectodini	Lake Tanganyika	Mouthbrooding	maternal bower brooding	NA
Ophven	Ophthalmotilapia ventralis	Ectodini	Lake Tanganyika	Mouthbrooding	maternal bower brooding	http://www.fishbase.org/summary/8777
Ophwhi	"Ophthalmotilapia sp. ""white cap"""	Ectodini	Lake Tanganyika	Mouthbrooding	maternal bower brooding	NA
Oremal	Oreochromis malagarazi	Oreochromini	Lake Tanganyika affluent	Mouthbrooding	maternal territorial brooding	http://www.fishbase.org/summary/2038
Oreand	Oreochromis andersoni	Oreochromini	Zambezi River	Mouthbrooding	maternal territorial brooding	http://www.fishbase.se/summary/1399
Ortmaz	Orthochromis mazimeroensis	Haplochromini	Lake Tanganyika affluent	Mouthbrooding	maternal territorial brooding	http://www.fishbase.se/summary/52117
Ortuvi	Orthochromis uvinzae	Haplochromini	Lake Tanganyika affluent	Mouthbrooding	maternal territorial brooding	http://www.fishbase.se/summary/52136
Parpol	"Paratilapia polleni ""Andapa"""	Paratilapini	Madagascar	Substrate spawning	open spawning	http://www.fishbase.se/summary/8786
Pcybri	Paracyprichromis brieni South	Cyprichromini	Lake Tanganyika	Mouthbrooding	maternal territorial brooding	http://www.fishbase.org/summary/8781
PcybrN	Paracyprichromis brieni North	Cyprichromini	Lake Tanganyika	Mouthbrooding	maternal territorial brooding	http://www.fishbase.org/summary/8781
Lepnka	Lepidiolamprologus Nkambae	Lamprologini	Lake Tanganyika	Substrate spawning	open spawning	
Pcynig	Paracyprichromis nigripinnis	Cyprichromini	Lake Tanganyika	Mouthbrooding	maternal territorial brooding	http://www.fishbase.org/summary/8782
Pcytem	Paracyprichromis sp. Tembwe	Cyprichromini	Lake Tanganyika	Mouthbrooding	maternal territorial brooding	NA
Pelmar	Pelmatolapia mariae	Pelmatolapini	Cameroon	Substrate spawning	open spawning	http://www.fishbase.org/summary/2489
Peltae	Pelvicachromis taeniatus	Chromidotilapini	Cameroon	Substrate spawning	cave spawning	http://www.fishbase.se/summary/8799
Perecc	Perissodus eccentricus	Perissodini	Lake Tanganyika	Mouthbrooding	biparental brooding	http://www.fishbase.org/summary/8800
Permic	Perissodus microlepis	Perissodini	Lake Tanganyika	Mouthbrooding	biparental brooding	http://www.fishbase.org/summary/8801
Peteph	Petrochromis ephippium	Tropheini	Lake Tanganyika	Mouthbrooding	maternal territorial brooding	http://www.fishbase.org/summary/8808
Petfam	Petrochromis famula	Tropheini	Lake Tanganyika	Mouthbrooding	maternal territorial brooding	http://www.fishbase.se/summary/8802
Petfas	Petrochromis fasciolatus	Tropheini	Lake Tanganyika	Mouthbrooding	maternal territorial brooding	http://www.fishbase.org/summary/8803
Petgia	"Petrochromis sp. ""giant"""	Tropheini	Lake Tanganyika	Mouthbrooding	maternal territorial brooding	http://www.fishbase.se/summary/8806
Pethor	Petrochromis horii	Tropheini	Lake Tanganyika	Mouthbrooding	maternal territorial brooding	http://www.fishbase.org/summary/67519
Petiko	"Petrochromis sp. ""orthognathus ikola"""	Tropheini	Lake Tanganyika	Mouthbrooding	maternal territorial brooding	http://www.fishbase.org/summary/8805
Petkas	"Petrochromis sp. ""kasumbae"""	Tropheini	Lake Tanganyika	Mouthbrooding	maternal territorial brooding	http://www.fishbase.se/summary/8806
Petkip	"Petrochromis sp. ""Kipili brown"""	Tropheini	Lake Tanganyika	Mouthbrooding	maternal territorial brooding	NA
Petmac	Petrochromis macrognathus	Tropheini	Lake Tanganyika	Mouthbrooding	maternal territorial brooding	http://www.fishbase.org/summary/8804
Petmos	"Petrochromis sp. ""moshi yellow"""	Tropheini	Lake Tanganyika	Mouthbrooding	maternal territorial brooding	http://www.fishbase.org/summary/8808
Petort	Petrochromis orthognathus	Tropheini	Lake Tanganyika	Mouthbrooding	maternal territorial brooding	http://www.fishbase.org/summary/8805
Petpol	Petrochromis polyodon	Tropheini	Lake Tanganyika	Mouthbrooding	maternal territorial brooding	http://www.fishbase.se/summary/8806
Petrai	"Petrochromis sp. ""macrognathus rainbow"""	Tropheini	Lake Tanganyika	Mouthbrooding	maternal territorial brooding	NA
Petred	"Petrochromis sp. ""red"""	Tropheini	Lake Tanganyika	Mouthbrooding	maternal territorial brooding	NA
Pettex	"Petrochromis polyodon sp. ""Texas"""	Tropheini	Lake Tanganyika	Mouthbrooding	maternal territorial brooding	http://www.fishbase.se/summary/8806
Plepar	Plecodus paradoxus	Perissodini	Lake Tanganyika	Mouthbrooding	biparental brooding	http://www.fishbase.org/summary/8814
Plestr	Plecodus straeleni	Perissodini	Lake Tanganyika	Mouthbrooding	biparental brooding	http://www.fishbase.org/summary/8815
Psccur	Pseudosimochromis curvifrons	Tropheini	Lake Tanganyika	Mouthbrooding	maternal territorial brooding	http://www.fishbase.org/summary/8819
Oretan	Oreochromis tanganicae	Oreochromini	Lake Tanganyika	Mouthbrooding	maternal bower brooding	http://www.fishbase.org/summary/1440
Altcal	Altolamprologus calvus	Lamprologini	Lake Tanganyika	Substrate spawning	cave spawning	http://www.fishbase.org/summary/8134
AltcoK	Altolamprologus compressiceps Kigoma	Lamprologini	Lake Tanganyika	Substrate spawning	cave spawning	http://www.fishbase.se/summary/8135
Altcom	Altolamprologus compressiceps	Lamprologini	Lake Tanganyika	Substrate spawning	cave spawning	http://www.fishbase.se/summary/8135
Altfas	Altolamprologus fasciatus	Lamprologini	Lake Tanganyika	Substrate spawning	cave spawning	http://www.fishbase.org/summary/8739
Altshe	"Altolamprologus compressiceps ""Shell"""	Lamprologini	Lake Tanganyika	Substrate spawning	cave spawning	NA
Ampzal	Amphilophus zaliosus	Amphilophini	Lake Apoyo	Substrate spawning	open spawning	http://fishbase.org/summary/12324
Andbis	Andinoacara biseriatus	Cichlasomini	Ecuador	Substrate spawning	open spawning	http://www.fishbase.org/Summary/46569
Apidip	Apistogramma diplotaenia	Geophagini	Brazil	Substrate spawning	cave spawning	http://www.fishbase.org/summary/46851
Arcall	Astatoreochromis alluaudi	Haplochromini	Lake Cohoha	Mouthbrooding	maternal territorial brooding	http://www.fishbase.org/summary/4688
Arcstr	Astatoreochromis straeleni	Haplochromini	Lake Tanganyika affluent	Mouthbrooding	maternal territorial brooding	http://www.fishbase.se/summary/6879
Asplep	Asprotilapia leptura	Ectodini	Lake Tanganyika	Mouthbrooding	biparental brooding	http://www.fishbase.se/summary/8137
Astbur	Astatotilapia burtoni	Haplochromini	Lake Tanganyika	Mouthbrooding	maternal territorial brooding	http://www.fishbase.org/summary/6704
Astfla	Astatotilapia flaviijosephi	Haplochromini	Jordan	Mouthbrooding	maternal territorial brooding	http://www.fishbase.org/summary/6738
Astpal	Astatotilapia paludinosus	Haplochromini	Lake Tanganyika affluent	Mouthbrooding	maternal territorial brooding	http://www.fishbase.org/summary/6811
Auldew	Aulonocranus dewindti	Ectodini	Lake Tanganyika	Mouthbrooding	maternal bower brooding	http://www.fishbase.org/summary/8138
Aussci	Australoheros scitulus	Heroini	Uruguay	Substrate spawning	open spawning	http://www.fishbase.se/summary/61660
Baicen	Baileychromis centropomoides	Limnochromini	Lake Tanganyika	Mouthbrooding	biparental brooding	http://www.fishbase.org/summary/8139
Batfas	Bathybates fasciatus	Bathybatini	Lake Tanganyika	Mouthbrooding	maternal territorial brooding	http://www.fishbase.org/summary/8140
Batfer	Bathybates ferox	Bathybatini	Lake Tanganyika	Mouthbrooding	maternal territorial brooding	http://www.fishbase.org/summary/8141
Batgra	Bathybates graueri	Bathybatini	Lake Tanganyika	Mouthbrooding	maternal territorial brooding	http://www.fishbase.org/summary/8142
Bathor	Bathybates hornii	Bathybatini	Lake Tanganyika	Mouthbrooding	NA	http://www.fishbase.org/summary/8143
Batleo	Bathybates leo	Bathybatini	Lake Tanganyika	Mouthbrooding	maternal open water brooding	http://www.fishbase.org/summary/8144
Batmin	Bathybates minor	Bathybatini	Lake Tanganyika	Mouthbrooding	NA	http://www.fishbase.org/summary/8145
Batvit	Bathybates vittatus	Bathybatini	Lake Tanganyika	Mouthbrooding	maternal open water brooding	http://www.fishbase.org/summary/8146
Bencon	Benitochromis conjunctus	Chromidotilapini	Cameroon	Mouthbrooding	biparental brooding	http://www.fishbase.org/summary/60333
BenhoK	Benthochromis horii Kigoma	Benthochromini	Lake Tanganyika	Mouthbrooding	maternal bower brooding	http://www.fishbase.se/summary/63692
BenhoM	Benthochromis horii Mahale	Benthochromini	Lake Tanganyika	Mouthbrooding	maternal bower brooding	http://www.fishbase.se/summary/63692
Benhor	Benthochromis horii	Benthochromini	Lake Tanganyika	Mouthbrooding	maternal bower brooding	http://www.fishbase.se/summary/63692
Benmel	Benthochromis melanoides	Benthochromini	Lake Tanganyika	Mouthbrooding	NA	http://www.fishbase.org/summary/8147
Bujvit	Bujurquina vittata	Cichlasomini	Paraguay	Substrate spawning	open spawning	http://www.fishbase.org/summary/46731
Calmac	Callochromis macrops	Ectodini	Lake Tanganyika	Mouthbrooding	maternal bower brooding	http://www.fishbase.org/summary/8122
Calmel	Callochromis melanostigma	Ectodini	Lake Tanganyika	Mouthbrooding	maternal bower brooding	http://www.fishbase.org/summary/8149
Calple	Callochromis pleurospilus	Ectodini	Lake Tanganyika	Mouthbrooding	maternal bower brooding	http://www.fishbase.org/summary/8151
CalplK	Callochromis pleurospilus Kigoma	Ectodini	Lake Tanganyika	Mouthbrooding	maternal bower brooding	http://www.fishbase.org/summary/8151
Carsch	Cardiopharynx schoutedeni	Ectodini	Lake Tanganyika	Mouthbrooding	maternal bower brooding	http://www.fishbase.org/summary/8153
Chabif	Chalinochromis bifrenatus	Lamprologini	Lake Tanganyika	Substrate spawning	cave spawning	NA
Chabri	Chalinochromis brichardi	Lamprologini	Lake Tanganyika	Substrate spawning	cave spawning	http://www.fishbase.org/summary/8154
Chacya	Chalinochromis cyanophleps	Lamprologini	Lake Tanganyika	Substrate spawning	cave spawning	http://www.fishbase.org/summary/67481
Chando	Chalinochromis Ndobhoi	Lamprologini	Lake Tanganyika	Substrate spawning	cave spawning	NA
Chapop	Chalinochromis popelini	Lamprologini	Lake Tanganyika	Substrate spawning	cave spawning	http://www.fishbase.org/summary/8155
Copbak	Coptodon bakossiorum	Coptodini	Cameroon	Substrate spawning	cave spawning	NA
Copren	Coptodon rendalli	Coptodini	Lake Tanganyika	Substrate spawning	open spawning	http://www.fishbase.se/summary/1397
Ctehor	Ctenochromis horei	Tropheini	Lake Tanganyika	Mouthbrooding	maternal territorial brooding	http://www.fishbase.org/summary/6751
Ctepol	Ctenochromis polli	Haplochromini	Congo River	Mouthbrooding	maternal territorial brooding	http://www.fishbase.org/summary/6833
Cunlon	Cunningtonia longiventralis	Ectodini	Lake Tanganyika	Mouthbrooding	maternal bower brooding	http://www.fishbase.org/summary/8165
Cyafoa	Cyathopharynx foae	Ectodini	Lake Tanganyika	Mouthbrooding	maternal bower brooding	NA
Cyafur	Cyathopharynx furcifer	Ectodini	Lake Tanganyika	Mouthbrooding	maternal bower brooding	http://www.fishbase.org/summary/8570
Cypcol	Cyprichromis coloratus	Cyprichromini	Lake Tanganyika	Mouthbrooding	maternal open water brooding	http://www.fishbase.org/summary/62729
Cypdwj	"Cyprichromis sp. ""dwarf jumbo"""	Cyprichromini	Lake Tanganyika	Mouthbrooding	maternal open water brooding	NA
Cypkan	"Cyprichromis sp. ""Kanfonki"""	Cyprichromini	Lake Tanganyika	Mouthbrooding	maternal open water brooding	NA
Cphfro	"Cyphotilapia frontosa ""Kigoma"""	Cyphotilapiini	Lake Tanganyika	Mouthbrooding	maternal territorial brooding	http://www.fishbase.org/summary/8572
Cphfro  Kabogo	"Cyphotilapia frontosa ""Kabogo"""	Cyphotilapiini	Lake Tanganyika	Mouthbrooding	maternal territorial brooding	http://www.fishbase.org/summary/8572
Cphgib	Cyphotilapia gibberosa	Cyphotilapiini	Lake Tanganyika	Mouthbrooding	maternal territorial brooding	http://www.fishbase.org/summary/61777
Cteben	Ctenochromis benthicola	Cyphotilapiini	Lake Tanganyika	Mouthbrooding	maternal territorial brooding	http://www.fishbase.org/summary/6697
Cyplep	Cyprichromis leptosoma	Cyprichromini	Lake Tanganyika	Mouthbrooding	maternal territorial brooding	http://www.fishbase.org/summary/8573
Cypmic	Cyprichromis microlepidotus	Cyprichromini	Lake Tanganyika	Mouthbrooding	maternal territorial brooding	http://www.fishbase.org/summary/8574
Cyppav	Cyprichromis pavo	Cyprichromini	Lake Tanganyika	Mouthbrooding	maternal open water brooding	http://www.fishbase.org/summary/60278
Cypzon	Cyprichromis zonatus	Cyprichromini	Lake Tanganyika	Mouthbrooding	maternal territorial brooding	http://www.fishbase.org/summary/60277
Ectdes	Ectodus descampsii	Ectodini	Lake Tanganyika	Mouthbrooding	maternal bower brooding	http://www.fishbase.org/summary/8575
EctspN	Ectodus sp. North	Ectodini	Lake Tanganyika	Mouthbrooding	maternal bower brooding	NA
Enamel	Enantiopus melanogenys	Ectodini	Lake Tanganyika	Mouthbrooding	maternal bower brooding	http://www.fishbase.org/summary/8576
Erecya	Eretmodus cyanostictus	Eretmodini	Lake Tanganyika	Mouthbrooding	biparental brooding	http://www.fishbase.org/summary/8577
Eremar	Eretmodus marksmithi	Eretmodini	Lake Tanganyika	Mouthbrooding	biparental brooding	http://www.fishbase.org/summary/66753
Etingu	Etia nguti	Etini	Cameroon	Substrate spawning	open spawning	http://www.fishbase.se/summary/61414
Etrcan	Etroplus canarensis	Etroplini	India	Substrate spawning	open spawning	http://www.fishbase.se/summary/25222
Gnaper	Gnathochromis permaxillaris	Limnochromini	Lake Tanganyika	Mouthbrooding	biparental brooding	http://www.fishbase.org/summary/8578
Gnapfe	Gnathochromis pfefferi	Tropheini	Lake Tanganyika	Mouthbrooding	maternal territorial brooding	http://www.fishbase.org/summary/8579
Gobeth	Gobiocichla ethelwynae	Gobiocichlini	Cameroon	Substrate spawning	cave spawning	http://www.fishbase.se/summary/8580
Gralem	Grammatotria lemairii	Ectodini	Lake Tanganyika	Mouthbrooding	maternal territorial brooding	http://www.fishbase.org/summary/8582
Gwcabe	Greenwoodochromis abeelei	Limnochromini	Lake Tanganyika	Mouthbrooding	biparental brooding	http://www.fishbase.org/summary/8635
Gwcbel	Greenwoodochromis bellcrossi	Limnochromini	Lake Tanganyika	Mouthbrooding	biparental brooding	http://www.fishbase.se/summary/8583
Gwcchr	Greenwoodochromis christyi	Limnochromini	Lake Tanganyika	Mouthbrooding	biparental brooding	http://www.fishbase.org/summary/8584
Gwcsta	Greenwoodochromis staneri	Limnochromini	Lake Tanganyika	Mouthbrooding	biparental brooding	http://www.fishbase.org/summary/8637
Hapmic	Haplotaxodon microlepis	Perissodini	Lake Tanganyika	Mouthbrooding	biparental brooding	http://www.fishbase.org/summary/8597
Hchelo	Hemichromis elongatus	Hemichromini	Cameroon	Substrate spawning	open spawning	http://www.fishbase.org/summary/59782
Hemste	Hemibates stenosoma	Bathybatini	Lake Tanganyika	Mouthbrooding	NA	http://www.fishbase.org/summary/8598
HemstZ	Hemibates stenosoma Zambia	Bathybatini	Lake Tanganyika	Mouthbrooding	NA	NA
Hetbut	Heterotilapia buttikofferi	Heterotilapini	Western Africa	Substrate spawning	open spawning	http://www.fishbase.se/summary/8902
Hplsp.A	"Haplochromis sp. ""MalagarasiA"""	Haplochromini	Lake Tanganyika affluent	Mouthbrooding	maternal territorial brooding	NA
Hplsp.B	"Haplochromis sp. ""MalagarasiB"""	Haplochromini	Lake Tanganyika affluent	Mouthbrooding	maternal territorial brooding	NA
Hplsp.C	"Haplochromis sp. ""Cohoha"""	Haplochromini	Lake Cohoha	Mouthbrooding	maternal territorial brooding	NA
Hplsp.D	"Haplochromis sp. ""Cohoha predator"""	Haplochromini	Lake Cohoha	Mouthbrooding	maternal territorial brooding	NA
HplspC	Haplochromis sp. Chipwa	Haplochromini	Lake Tanganyika	Mouthbrooding	maternal territorial brooding	NA
Hplsta	Haplochromis stappersii	Haplochromini	Lake Tanganyika	Mouthbrooding	maternal territorial brooding	http://www.fishbase.org/summary/6855
Hplvan	Haplochromis vanheusdeni	Haplochromini	Ruaha River	Mouthbrooding	maternal territorial brooding	http://www.fishbase.se/summary/6880
Htcmul	Heterochromis multidens	Heterochromini		Substrate spawning	open spawning	http://www.fishbase.se/summary/6885
Intloo	Interochromis loocki	Tropheini	Lake Tanganyika	Mouthbrooding	maternal territorial brooding	http://www.fishbase.org/summary/8857
Jul sp. Kazia	"Julidochromis sp. ""Kazia"""	Lamprologini	Lake Tanganyika	Substrate spawning	cave spawning	NA
Juldic	Julidochromis dickfeldi	Lamprologini	Lake Tanganyika	Substrate spawning	cave spawning	http://www.fishbase.org/summary/8607
Julkom	"Julidochromis sp. ""Kombe"""	Lamprologini	Lake Tanganyika	Substrate spawning	cave spawning	NA
JulmaN	Julidochromis marlieri North	Lamprologini	Lake Tanganyika	Substrate spawning	cave spawning	http://www.fishbase.se/summary/8608
JulmaS	Julidochromis marlieri South	Lamprologini	Lake Tanganyika	Substrate spawning	cave spawning	http://www.fishbase.se/summary/8608
Julmrk	Julidochromis marksmithi	Lamprologini	Lake Tanganyika	Substrate spawning	cave spawning	NA
Julorn	Julidochromis ornatus	Lamprologini	Lake Tanganyika	Substrate spawning	cave spawning	http://www.fishbase.org/summary/8609
Julreg	Julidochromis regani	Lamprologini	Lake Tanganyika	Substrate spawning	cave spawning	http://www.fishbase.org/summary/8610
JulreK	Julidochromis regani Kigoma	Lamprologini	Lake Tanganyika	Substrate spawning	cave spawning	http://www.fishbase.org/summary/8610
Jultra	Julidochromis transcriptus	Lamprologini	Lake Tanganyika	Substrate spawning	cave spawning	http://www.fishbase.se/summary/8611
Julunt	"Julidochromis sp. ""Unterfels"""	Lamprologini	Lake Tanganyika	Substrate spawning	cave spawning	NA
Lamcal	Lamprologus callipterus	Lamprologini	Lake Tanganyika	Substrate spawning	shell spawning	http://www.fishbase.org/summary/8612
Lamkun	Lamprologus kungweensis	Lamprologini	Lake Tanganyika	Substrate spawning	cave spawning	http://www.fishbase.org/summary/8614
Lamlem	Lamprologus lemairii	Lamprologini	Lake Tanganyika	Substrate spawning	cave spawning	http://www.fishbase.org/summary/8615
Lammel	Lamprologus meleagris	Lamprologini	Lake Tanganyika	Substrate spawning	shell spawning	http://www.fishbase.org/summary/47084
Lamoce	Lamprologus ocellatus	Lamprologini	Lake Tanganyika	Substrate spawning	shell spawning	http://www.fishbase.org/summary/8619
LamorC	Lamprologus ornatipinnis Congo	Lamprologini	Lake Tanganyika	Substrate spawning	shell spawning	http://www.fishbase.org/summary/8620
Lamorn	Lamprologus ornatipinnis North	Lamprologini	Lake Tanganyika	Substrate spawning	shell spawning	http://www.fishbase.org/summary/8620
LamorS	Lamprologus ornatipinnis South	Lamprologini	Lake Tanganyika	Substrate spawning	shell spawning	http://www.fishbase.org/summary/8620
Lamsig	Lamprologus signatus	Lamprologini	Lake Tanganyika	Substrate spawning	cave spawning	http://www.fishbase.org/summary/8621
Lamspe	Lamprologus speciosus	Lamprologini	Lake Tanganyika	Substrate spawning	shell spawning	http://www.fishbase.org/summary/47105
Lamsta	Lamprologus stappersi	Lamprologini	Lake Tanganyika	Substrate spawning	shell spawning	http://www.fishbase.org/summary/8622
Lamtig	Lamprologus tigripictilis	Lamprologini	Congo River	Substrate spawning	cave spawning	http://www.fishbase.se/summary/61842
Lchaur	Limnochromis auritus	Limnochromini	Lake Tanganyika	Mouthbrooding	biparental brooding	http://www.fishbase.se/summary/8636
LepatK	Lepidiolamprologus attenuatus Kipili	Lamprologini	Lake Tanganyika	Substrate spawning	shell spawning	http://www.fishbase.org/summary/8626
Lepatt	Lepidiolamprologus attenuatus	Lamprologini	Lake Tanganyika	Substrate spawning	cave spawning	http://www.fishbase.org/summary/8626
Lepcun	Lepidiolamprologus cunningtoni	Lamprologini	Lake Tanganyika	Substrate spawning	open spawning	http://www.fishbase.org/summary/8627
Lepelo	Lepidiolamprologus elongatus	Lamprologini	Lake Tanganyika	Substrate spawning	open spawning	http://www.fishbase.org/summary/8628
Lepkam	Lepidiolamprologus kamambae	Lamprologini	Lake Tanganyika	Substrate spawning	open spawning	http://www.fishbase.org/summary/66707
Lepken	Lepidiolamprologus kendalli	Lamprologini	Lake Tanganyika	Substrate spawning	open spawning	http://www.fishbase.org/summary/8629
LepmeK	Lepidiolamprologus meeli kipili	Lamprologini	Lake Tanganyika	Substrate spawning	shell spawning	NA
Lepmim	Lepidiolamprologus mimicus	Lamprologini	Lake Tanganyika	Substrate spawning	open spawning	http://www.fishbase.org/summary/64225
Leppro	Lepidiolamprologus profundicola	Lamprologini	Lake Tanganyika	Substrate spawning	open spawning	http://www.fishbase.org/summary/8631
Lesper	Lestradea perspicax	Ectodini	Lake Tanganyika	Mouthbrooding	maternal territorial brooding	http://www.fishbase.org/summary/8632
Lessta	Lestradea stappersii	Ectodini	Lake Tanganyika	Mouthbrooding	maternal territorial brooding	http://www.fishbase.org/summary/8633
Limdar	Limnotilapia dardennii	Tropheini	Lake Tanganyika	Mouthbrooding	maternal bower brooding	http://www.fishbase.org/summary/8638
Loblab	Lobochilotes labiatus	Tropheini	Lake Tanganyika	Mouthbrooding	maternal territorial brooding	http://www.fishbase.org/summary/8639
Mdcrot	Microdontochromis rotundiventralis	Ectodini	Lake Tanganyika	Mouthbrooding	maternal territorial brooding	http://www.fishbase.org/summary/47889
Mdcten	Microdontochromis tenuidentata	Ectodini	Lake Tanganyika	Mouthbrooding	maternal territorial brooding	http://www.fishbase.org/summary/8640
Neobif	Neolamprologus bifasciatus	Lamprologini	Lake Tanganyika	Substrate spawning	cave spawning	http://www.fishbase.org/summary/51690
Neobou	Neolamprologus boulengeri	Lamprologini	Lake Tanganyika	Substrate spawning	cave spawning	http://www.fishbase.se/summary/8650
Neobre	Neolamprologus brevis	Lamprologini	Lake Tanganyika	Substrate spawning	shell spawning	http://www.fishbase.se/summary/8651
Neobri	Neolamprologus brichardi	Lamprologini	Lake Tanganyika	Substrate spawning	cave spawning	http://www.fishbase.se/summary/8652
NeobriK	Neolamprologus brichardi KAKU	Lamprologini	Lake Tanganyika	Substrate spawning	cave spawning	http://www.fishbase.se/summary/8652
NeobrM	"Neolamprologus brevis sp. ""MAGARA"""	Lamprologini	Lake Tanganyika	Substrate spawning	cave spawning	http://www.fishbase.se/summary/8651
Neobue	Neolamprologus buescheri	Lamprologini	Lake Tanganyika	Substrate spawning	cave spawning	http://www.fishbase.se/summary/8653
NeocaK	Neolamprologus sp. caudopunctatus kipili	Lamprologini	Lake Tanganyika	Substrate spawning	cave spawning	NA
Neocal	Neolamprologus calliurus	Lamprologini	Lake Tanganyika	Substrate spawning	shell spawning	NA
Neocan	Neolamprologus cancellatus	Lamprologini	Lake Tanganyika	Substrate spawning	cave spawning	http://www.fishbase.org/summary/62608
Neocau	Neolamprologus caudopunctatus	Lamprologini	Lake Tanganyika	Substrate spawning	cave spawning	http://www.fishbase.org/summary/8654
Neochi	Neolamprologus chitamwebwai	Lamprologini	Lake Tanganyika	Substrate spawning	cave spawning	http://www.fishbase.org/summary/64229
Neochr	Neolamprologus christyi	Lamprologini	Lake Tanganyika	Substrate spawning	cave spawning	http://www.fishbase.org/summary/8655
Neocra	Neolamprologus crassus	Lamprologini	Lake Tanganyika	Substrate spawning	cave spawning	http://www.fishbase.org/summary/8656
Neocyg	Neolamprologus sp. 'falcicula cygnus'	Lamprologini	Lake Tanganyika	Substrate spawning	cave spawning	NA
Neocyl	Neolamprologus cylindricus	Lamprologini	Lake Tanganyika	Substrate spawning	cave spawning	http://www.fishbase.org/summary/8657
Neodev	Neolamprologus devosi	Lamprologini	Lake Tanganyika	Substrate spawning	cave spawning	http://www.fishbase.se/summary/61538
Neoese	Neolamprologus sp. 'eseki'	Lamprologini	Lake Tanganyika	Substrate spawning	cave spawning	NA
Neofal	Neolamprologus falcicula North	Lamprologini	Lake Tanganyika	Substrate spawning	cave spawning	http://www.fishbase.org/summary/8658
NeofaM	Neolamprologus falcicula Mahale	Lamprologini	Lake Tanganyika	Substrate spawning	cave spawning	NA
Neofur	Neolamprologus furcifer	Lamprologini	Lake Tanganyika	Substrate spawning	cave spawning	http://www.fishbase.se/summary/8665
NeofuU	Neolamprologus furcifer Ulwile	Lamprologini	Lake Tanganyika	Substrate spawning	cave spawning	http://www.fishbase.se/summary/8665
Neogra	"Neolamprologus gracilis ""Kongo"""	Lamprologini	Lake Tanganyika	Substrate spawning	cave spawning	http://www.fishbase.se/summary/8668
NeogrM	"Neolamprologus gracilis ""Tanzania"""	Lamprologini	Lake Tanganyika	Substrate spawning	cave spawning	http://www.fishbase.se/summary/8668
Neohec	Neolamprologus hecqui	Lamprologini	Lake Tanganyika	Substrate spawning	cave spawning	http://www.fishbase.se/summary/8669
Neohel	Neolamprologus helianthus	Lamprologini	Lake Tanganyika	Substrate spawning	cave spawning	http://www.fishbase.se/summary/60344
Neokom	"Neolamprologus sp. ""Kombe"""	Lamprologini	Lake Tanganyika	Substrate spawning	cave spawning	NA
Neolap	Neolamprologus laparogramma	Lamprologini	Lake Tanganyika	Substrate spawning	cave spawning	http://www.fishbase.se/summary/55285
NeoleL	Neolamprologus leleupi leleupi	Lamprologini	Lake Tanganyika	Substrate spawning	cave spawning	http://www.fishbase.se/summary/8670
Neoleu	Neolamprologus leleupi longior	Lamprologini	Lake Tanganyika	Substrate spawning	cave spawning	http://www.fishbase.se/summary/8671
Neolon	Neolamprologus longicaudatus	Lamprologini	Lake Tanganyika	Substrate spawning	cave spawning	http://www.fishbase.org/summary/51688
Neolou	Neolamprologus leloupi	Lamprologini	Lake Tanganyika	Substrate spawning	cave spawning	http://www.fishbase.org/summary/8740
Neomar	Neolamprologus marunguensis	Lamprologini	Lake Tanganyika	Substrate spawning	cave spawning	http://www.fishbase.org/summary/8672
Neomee	Neolamprologus meeli	Lamprologini	Lake Tanganyika	Substrate spawning	cave spawning	http://www.fishbase.se/summary/8673
Neomod	Neolamprologus modestus	Lamprologini	Lake Tanganyika	Substrate spawning	cave spawning	http://www.fishbase.org/summary/8741
NeomoM	"Neolamprologus sp. ""mondabu Mahale"""	Lamprologini	Lake Tanganyika	Substrate spawning	cave spawning	NA
Neomon	Neolamprologus mondabu	Lamprologini	Lake Tanganyika	Substrate spawning	cave spawning	http://www.fishbase.org/summary/8742
Neomul	Neolamprologus multifasciatus	Lamprologini	Lake Tanganyika	Substrate spawning	shell spawning	http://www.fishbase.org/summary/8744
Neomux	Neolamprologus mustax	Lamprologini	Lake Tanganyika	Substrate spawning	cave spawning	http://www.fishbase.org/summary/8745
Neonig	Neolamprologus niger	Lamprologini	Lake Tanganyika	Substrate spawning	cave spawning	http://www.fishbase.org/summary/8746
Neonve	Neolamprologus nigriventris	Lamprologini	Lake Tanganyika	Substrate spawning	cave spawning	http://www.fishbase.org/summary/47089
Neoobs	Neolamprologus obscurus	Lamprologini	Lake Tanganyika	Substrate spawning	cave spawning	http://www.fishbase.org/summary/8747
Neooli	Neolamprologus olivaceous	Lamprologini	Lake Tanganyika	Substrate spawning	cave spawning	http://www.fishbase.org/summary/8748
Neopec	Neolamprologus pectoralis	Lamprologini	Lake Tanganyika	Substrate spawning	cave spawning	http://www.fishbase.org/summary/47098
Neopet	Neolamprologus petricola	Lamprologini	Lake Tanganyika	Substrate spawning	cave spawning	http://www.fishbase.se/summary/8749
Neopro	Neolamprologus prochilus	Lamprologini	Lake Tanganyika	Substrate spawning	cave spawning	http://www.fishbase.se/summary/8751
Tanirs	Tanganicodus irsacae	Eretmodini	Lake Tanganyika	Mouthbrooding	biparental brooding	http://www.fishbase.org/summary/8875
NeopuD	"Neolamprologus pulcher ""Daffodil"""	Lamprologini	Lake Tanganyika	Substrate spawning	cave spawning	http://www.fishbase.se/summary/8752
Neopul	Neolamprologus pulcher	Lamprologini	Lake Tanganyika	Substrate spawning	cave spawning	http://www.fishbase.se/summary/8752
Neosav	Neolamprologus savoryi	Lamprologini	Lake Tanganyika	Substrate spawning	cave spawning	http://www.fishbase.org/summary/8753
Neosch	Neolamprologus schreyeni	Lamprologini	Lake Tanganyika	Substrate spawning	cave spawning	http://www.fishbase.org/summary/8754
Neosex	Neolamprologus sexfasciatus	Lamprologini	Lake Tanganyika	Substrate spawning	cave spawning	http://www.fishbase.org/summary/8755
Neosim	Neolamprologus similis	Lamprologini	Lake Tanganyika	Substrate spawning	shell spawning	http://www.fishbase.org/summary/47104
Neospl	Neolamprologus splendens	Lamprologini	Lake Tanganyika	Substrate spawning	cave spawning	http://www.fishbase.org/summary/8756
Neotet	Neolamprologus tetracanthus	Lamprologini	Lake Tanganyika	Substrate spawning	cave spawning	http://www.fishbase.org/summary/8757
Neotim	Neolamprologus timidus	Lamprologini	Lake Tanganyika	Substrate spawning	cave spawning	http://www.fishbase.se/summary/67482
Neotoa	Neolamprologus toae	Lamprologini	Lake Tanganyika	Substrate spawning	cave spawning	http://www.fishbase.org/summary/8758
Neotre	Neolamprologus tretocephalus	Lamprologini	Lake Tanganyika	Substrate spawning	cave spawning	http://www.fishbase.org/summary/8759
Neovar	Neolamprologus variostigma	Lamprologini	Lake Tanganyika	Substrate spawning	cave spawning	http://www.fishbase.org/summary/60405
NeoveB	Neolamprologus ventralis Burundi	Lamprologini	Lake Tanganyika	Substrate spawning	cave spawning	http://www.fishbase.se/summary/51691
Neoven	Neolamprologus ventralis South	Lamprologini	Lake Tanganyika	Substrate spawning	cave spawning	http://www.fishbase.se/summary/51691
NeoveS	"Neolamprologus ventralis South ""stripe"""	Lamprologini	Lake Tanganyika	Substrate spawning	cave spawning	http://www.fishbase.se/summary/51691
Neowal	Neolamprologus walteri	Lamprologini	Lake Tanganyika	Substrate spawning	cave spawning	http://www.fishbase.org/summary/64228
Neowau	Neolamprologus wauthioni	Lamprologini	Lake Tanganyika	Substrate spawning	shell spawning	http://www.fishbase.org/summary/8760
Ophboo	Ophthalmotilapia boops	Ectodini	Lake Tanganyika	Mouthbrooding	maternal bower brooding	http://www.fishbase.org/summary/8774
Psephi	Pseudocrenilabrus philander	Haplochromini	Lunzua	Mouthbrooding	maternal territorial brooding	http://www.fishbase.se/summary/6891
Psevic	Pseudocrenilabrus victoriae	Haplochromini	Lake Victoria	Mouthbrooding	maternal territorial brooding	NA
Ptygra	Ptychochromis grandidieri	Ptychochromini	Madagascar	Substrate spawning	open spawning	http://www.fishbase.org/summary/61566
Ptyoli	Ptychochromis oligocanthus	Ptychochromini	Madagascar	Substrate spawning	open spawning	http://www.fishbase.se/summary/Ptychochromis-oligacanthus.html
Regcal	Reganochromis calliurus	Limnochromini	Lake Tanganyika	Mouthbrooding	biparental brooding	http://www.fishbase.org/summary/8823
Sarcar	Sargochromis carlottae	Serranochromini	Zambezi River	Mouthbrooding	maternal territorial brooding	http://www.fishbase.se/summary/5364
Serang	Serranochromis angusticeps	Serranochromini	Lake Chila	Mouthbrooding	maternal territorial brooding	http://www.fishbase.se/summary/5358
Sermac	Serranochromis macrocephalus	Serranochromini	Kafue River	Mouthbrooding	maternal territorial brooding	http://www.fishbase.se/summary/5359
Serrob	Serranochromis robustus	Serranochromini	Lake Chila	Mouthbrooding	maternal territorial brooding	http://www.fishbase.se/summary/2383
Serthu	Serranochromis thumbergi	Serranochromini	Lake Chila	Mouthbrooding	maternal territorial brooding	http://www.fishbase.se/summary/5360
Simbab	Simochromis babaulti	Tropheini	Lake Tanganyika	Mouthbrooding	maternal territorial brooding	http://www.fishbase.org/summary/7953
Simdia	Simochromis diagramma	Tropheini	Lake Tanganyika	Mouthbrooding	maternal territorial brooding	http://www.fishbase.org/summary/8856
Simmar	Simochromis marginatus	Tropheini	Lake Tanganyika	Mouthbrooding	maternal territorial brooding	http://www.fishbase.org/summary/8859
Simmrg	Simochromis margaretae	Tropheini	Lake Tanganyika	Mouthbrooding	maternal territorial brooding	http://www.fishbase.org/summary/8858
Simple	Simochromis pleurospilus	Tropheini	Lake Tanganyika	Mouthbrooding	maternal territorial brooding	http://www.fishbase.org/summary/8861
Spaery	Spathodus erythrodon	Eretmodini	Lake Tanganyika	Mouthbrooding	biparental brooding	http://www.fishbase.org/summary/8862
Spamar	Spathodus marlieri	Eretmodini	Lake Tanganyika	Mouthbrooding	biparental brooding	http://www.fishbase.org/summary/8863
Steult	Steatocranus sp. ultraslender	Steatocranini	Congo River	Substrate spawning	cave spawning	NA
Koneis	Konia eisentrauti	Oreochromini	Lake Barombi Mbo	Mouthbrooding	maternal territorial brooding	
Punmac	Pungu maclareni	Oreochromini	Lake Barombi Mbo	Mouthbrooding	maternal territorial brooding	
Sthloh	Sarotherodon lohbergeri	Oreochromini	Lake Barombi Mbo	Mouthbrooding	maternal territorial brooding	
Sthste	Sarotherodon steinbachi	Oreochromini	Lake Barombi Mbo	Mouthbrooding	maternal territorial brooding	
Stopin	Stomatepia pindu	Oreochromini	Lake Barombi Mbo	Mouthbrooding	maternal territorial brooding	
Stomar	Stomatepia mariae	Oreochromini	Lake Barombi Mbo	Mouthbrooding	maternal territorial brooding	
Kondik	Konia dikume	Oreochromini	Lake Barombi Mbo	Mouthbrooding	maternal territorial brooding	
Myamya	Myaka myaka	Oreochromini	Lake Barombi Mbo	Mouthbrooding	maternal territorial brooding	
Sthcar	Sarotherodon caroli	Oreochromini	Lake Barombi Mbo	Mouthbrooding	maternal territorial brooding	
Sthlin	Sarotherodon linnellii	Oreochromini	Lake Barombi Mbo	Mouthbrooding	maternal territorial brooding	
Stomon	Stomatepia mongo	Oreochromini	Lake Barombi Mbo	Mouthbrooding	maternal territorial brooding	
Orenil	Oreochromis niloticus	Oreochromini	Lake Tanganyika affluent	Mouthbrooding	maternal territorial brooding	http://www.fishbase.se/summary/2
Hplkil	"Haplochromis sp. ""Kilossana"""	Haplochromini	Wami River	Mouthbrooding	maternal territorial brooding	NA
Cphfr5	Cyphotilapia sp. 5bar frontosa/North	Cyphotilapiini	Lake Tanganyika	Mouthbrooding	maternal territorial brooding	http://www.fishbase.org/summary/8572
Tchdha	Tangachromis dhanisi	Limnochromini	Lake Tanganyika	Mouthbrooding	biparental brooding	http://www.fishbase.org/summary/8874
Telbif	Telmatochromis bifrenatus	Lamprologini	Lake Tanganyika	Substrate spawning	cave spawning	http://www.fishbase.org/summary/8881
Telbra	Telmatochromis brachygnathus	Lamprologini	Lake Tanganyika	Substrate spawning	cave spawning	http://www.fishbase.org/summary/62420
Telbri	Telmatochromis brichardi	Lamprologini	Lake Tanganyika	Substrate spawning	cave spawning	http://www.fishbase.org/summary/8883
TeldhN	Telmatochromis dhonti North	Lamprologini	Lake Tanganyika	Substrate spawning	cave spawning	http://www.fishbase.org/summary/8886
TeldhS	Telmatochromis dhonti South	Lamprologini	Lake Tanganyika	Substrate spawning	cave spawning	http://www.fishbase.org/summary/8886
TeldhT	Telmatochromis dhonti Twiyu	Lamprologini	Lake Tanganyika	Substrate spawning	cave spawning	http://www.fishbase.org/summary/8886
Telluf	"Telmatochromis sp. ""Lufubu"""	Lamprologini	Lake Tanganyika affluent	Substrate spawning	cave spawning	NA
Telshe	Telmatochromis sp. 'shell'	Lamprologini	Lake Tanganyika	Substrate spawning	shell spawning	NA
TelteN	Telmatochromis temporalis North	Lamprologini	Lake Tanganyika	Substrate spawning	cave spawning	http://www.fishbase.org/summary/8888
TelteS	Telmatochromis temporalis South	Lamprologini	Lake Tanganyika	Substrate spawning	cave spawning	http://www.fishbase.org/summary/8888
Telvit	Telmatochromis vittatus	Lamprologini	Lake Tanganyika	Substrate spawning	cave spawning	http://www.fishbase.org/summary/8890
Thobra	Thoracochromis brauschi	Haplochromini	Lake Fwa	Mouthbrooding	maternal territorial brooding	http://www.fishbase.se/summary/6700
Tilbre	"""Tilapia""  brevimanus"	Gobiocichlini	Western Africa	Substrate spawning	open spawning	http://www.fishbase.org/summary/2483
Tilspa	Tilapia sparmanii	Tilapiini	Lake Chila	Substrate spawning	open spawning	http://www.fishbase.se/summary/4719
Tre sp.	Trematocara sp.	Trematocarini	Lake Tanganyika	Mouthbrooding	NA	NA
Trecap	Trematocara caparti	Trematocarini	Lake Tanganyika	Mouthbrooding	NA	http://www.fishbase.org/summary/8955
Trekuf	Trematocara kufferathi	Trematocarini	Lake Tanganyika	Mouthbrooding	NA	http://www.fishbase.org/summary/8957
Tremac	Trematocara macrostoma	Trematocarini	Lake Tanganyika	Mouthbrooding	NA	http://www.fishbase.org/summary/8891
Tremar	Trematocara marginatum	Trematocarini	Lake Tanganyika	Mouthbrooding	NA	http://www.fishbase.org/summary/8959
TreniN	Trematocara nigrifrons North	Trematocarini	Lake Tanganyika	Mouthbrooding	NA	http://www.fishbase.org/summary/8960
Trenig	Trematocara nigrifrons	Trematocarini	Lake Tanganyika	Mouthbrooding	NA	http://www.fishbase.org/summary/8960
Tresti	Trematocara stigmaticum	Trematocarini	Lake Tanganyika	Mouthbrooding	NA	http://www.fishbase.org/summary/8962
Treuni	Trematocara unimaculatum	Trematocarini	Lake Tanganyika	Mouthbrooding	NA	http://www.fishbase.org/summary/8963
Trevar	Trematocara variabile	Trematocarini	Lake Tanganyika	Mouthbrooding	NA	http://www.fishbase.org/summary/8965
Trezeb	Trematocara zebra	Trematocarini	Lake Tanganyika	Mouthbrooding	NA	http://www.fishbase.org/summary/51602
Trioto	Triglachromis otostigma	Limnochromini	Lake Tanganyika	Mouthbrooding	biparental brooding	http://www.fishbase.org/summary/8970
Troann	Tropheus annectens	Tropheini	Lake Tanganyika	Mouthbrooding	maternal territorial brooding	http://www.fishbase.org/summary/8977
Trobri	Tropheus brichardi	Tropheini	Lake Tanganyika	Mouthbrooding	maternal territorial brooding	http://www.fishbase.org/summary/8979
TrobrK	Tropheus brichardi Kipili	Tropheini	Lake Tanganyika	Mouthbrooding	maternal territorial brooding	http://www.fishbase.org/summary/8979
Trodub	Tropheus duboisi	Tropheini	Lake Tanganyika	Mouthbrooding	maternal territorial brooding	http://www.fishbase.org/summary/8980
Trokir	"Tropheus sp. ""Black Mahale Kirschfleck"""	Tropheini	Lake Tanganyika	Mouthbrooding	maternal territorial brooding	NA
Troluk	Tropheus brichardi Tanzania Lukuga	Tropheini	Lake Tanganyika	Mouthbrooding	maternal territorial brooding	http://www.fishbase.org/summary/8979
Trolun	Tropheus lunatus	Tropheini	Lake Tanganyika	Mouthbrooding	maternal territorial brooding	NA
Tromoo	Tropheus moorii	Tropheini	Lake Tanganyika	Mouthbrooding	maternal territorial brooding	http://www.fishbase.org/summary/8982
Tromor	"Tropheus moorii ""TZ morago"""	Tropheini	Lake Tanganyika	Mouthbrooding	maternal territorial brooding	http://www.fishbase.org/summary/8982
Trompi	"Tropheus sp. ""mpimbwe"""	Tropheini	Lake Tanganyika	Mouthbrooding	maternal territorial brooding	NA
Tronig	"Tropheus sp. ""black"""	Tropheini	Lake Tanganyika	Mouthbrooding	maternal territorial brooding	NA
Tropol	Tropheus annectens polli (TZ)	Tropheini	Lake Tanganyika	Mouthbrooding	maternal territorial brooding	http://www.fishbase.org/summary/8984
Trored	"Tropheus moorii sp. ""red"""	Tropheini	Lake Tanganyika	Mouthbrooding	maternal territorial brooding	http://www.fishbase.org/summary/8982
Tylpol	Tylochromis polylepis	Tylochromini	Lake Tanganyika	Mouthbrooding	maternal territorial brooding	http://www.fishbase.org/summary/9135
Varmoo	Variabilichromis moorii	Lamprologini	Lake Tanganyika	Substrate spawning	cave spawning	http://www.fishbase.org/summary/8743
Xchhec	Xenochromis hecqui	Perissodini	Lake Tanganyika	Mouthbrooding	biparental brooding	http://www.fishbase.org/summary/9163
Xenbat	Xenotilapia bathyphila	Ectodini	Lake Tanganyika	Mouthbrooding	maternal territorial brooding	http://www.fishbase.org/summary/9164
Xenbou	Xenotilapia boulengeri	Ectodini	Lake Tanganyika	Mouthbrooding	maternal territorial brooding	http://www.fishbase.org/summary/9165
Xenbur	Xenotilapia burtoni	Ectodini	Lake Tanganyika	Mouthbrooding	NA	http://www.fishbase.org/summary/9167
Xencau	Xenotilapia caudafasciata	Ectodini	Lake Tanganyika	Mouthbrooding	NA	http://www.fishbase.org/summary/9169
Xenfla	Xenotilapia flavipinnis	Ectodini	Lake Tanganyika	Mouthbrooding	biparental brooding	http://www.fishbase.org/summary/9173
Xenkil	"Xenotilapia sp. ""kilesa"""	Ectodini	Lake Tanganyika	Mouthbrooding	maternal territorial brooding	NA
Xenlon	Xenotilapia longispinis	Ectodini	Lake Tanganyika	Mouthbrooding	maternal territorial brooding	http://www.fishbase.org/summary/9175
Xennas	Xenotilapia nasus	Ectodini	Lake Tanganyika	Mouthbrooding	biparental brooding	http://www.fishbase.org/summary/51597
XenniN	Xenotilapia nigrolabiata North	Ectodini	Lake Tanganyika	Mouthbrooding	biparental brooding	http://www.fishbase.org/summary/9176
XenniS	Xenotilapia nigrolabiata South	Ectodini	Lake Tanganyika	Mouthbrooding	biparental brooding	http://www.fishbase.org/summary/9176
Xenoch	Xenotilapia ochrogenys	Ectodini	Lake Tanganyika	Mouthbrooding	biparental brooding	http://www.fishbase.org/summary/9177
Xenorn	Xenotilapia ornatipinnis North	Ectodini	Lake Tanganyika	Mouthbrooding	maternal territorial brooding	http://www.fishbase.org/summary/9178
XenorS	Xenotilapia ornatipinnis South	Ectodini	Lake Tanganyika	Mouthbrooding	maternal territorial brooding	http://www.fishbase.org/summary/9178
XenpaK	Xenotilapia papilio Kongo	Ectodini	Lake Tanganyika	Mouthbrooding	biparental brooding	http://www.fishbase.org/summary/9179
Xenpap	Xenotilapia sp. 'papilio katete'	Ectodini	Lake Tanganyika	Mouthbrooding	biparental brooding	http://www.fishbase.org/summary/9179
Xensim	Xenotilapia sima	Ectodini	Lake Tanganyika	Mouthbrooding	maternal territorial brooding	http://www.fishbase.org/summary/9180
Xensin	Xenotilapia singularis	Ectodini	Lake Tanganyika	Mouthbrooding	maternal territorial brooding	NA
Xenspi	Xenotilapia spiloptera	Ectodini	Lake Tanganyika	Mouthbrooding	biparental brooding	http://www.fishbase.org/summary/9181
XenspN	Xenotilapia spiloptera North	Ectodini	Lake Tanganyika	Mouthbrooding	biparental brooding	http://www.fishbase.org/summary/9181
Xensun	Xenotilapia sp. 'papilio sunflower'	Ectodini	Lake Tanganyika	Mouthbrooding	biparental brooding	NA
Ampcit	Amphilophus citrinellus	Amphilophini	Lake Nicaragua	Substrate spawning	open spawning	NA
Amplab	Amphilophus labiatus	Amphilophini	Lake Nicaragua	Substrate spawning	open spawning	NA
Ampama	Amphilophus amarillo	Amphilophini	Lake Xiloa	Substrate spawning	open spawning	NA
Ampsag	Amphilophus sagittae	Amphilophini	Lake Xiloa	Substrate spawning	open spawning	NA
Ampxil	Amphilophus xiloaensis	Amphilophini	Lake Xiloa	Substrate spawning	open spawning	NA
Ampast	Amphilophus astorquii	Amphilophini	Lake Apoyo	Substrate spawning	open spawning	NA
Ampcha	Amphilophus chancho	Amphilophini	Lake Apoyo	Substrate spawning	open spawning	NA
Ampglo	Amphilophus globosus	Amphilophini	Lake Apoyo	Substrate spawning	open spawning	NA
